ID;Endereço;Bairro;Zona;latitude;longitude;Piscina;Portaria 24h;Tamanho;Academia;bed;char;couch;microwave;sink;toilet;tv;oven;bed_conf;couch_conf;microwave_conf;sink_conf;toilet_conf;tv_conf;oven_conf
ACL11;Alameda Campinas, 708 - Jardim Paulista, São Paulo - SP, 01404-200;Jardim Paulista;Oeste;-23,5701325;-46,6573532;0;1;40;1;1;0;1;1;1;1;1;0;0,998376012;0,948498785;0,918724954;0,754974782;0,955744147;0,996090412;0
ACL22;Alameda Campinas, 708 - Jardim Paulista, São Paulo - SP, 01404-200;Jardim Paulista;Oeste;-23,5701325;-46,6573532;0;1;40;1;1;0;1;1;1;1;1;0;0,999287546;0,774948061;0,980477929;0,746723354;0,957778275;0,995355308;0
AFF255;Alameda Campinas, 708 - Jardim Paulista, São Paulo - SP, 01404-200;Jardim Paulista;Oeste;-23,5701325;-46,6573532;0;1;40;1;0;0;1;0;0;1;1;0;0;0,995561481;0;0;0,968422115;0,531266928;0
CA1004;Alameda Campinas, 708 - Jardim Paulista, São Paulo - SP, 01404-200;Jardim Paulista;Oeste;-23,5701325;-46,6573532;0;1;28;1;1;0;0;0;1;1;1;0;0,997509241;0;0;0,745883942;0,990483344;0,797655821;0
CA1107;Alameda Campinas, 708 - Jardim Paulista, São Paulo - SP, 01404-200;Jardim Paulista;Oeste;-23,5701325;-46,6573532;0;1;28;1;1;0;1;1;1;1;0;0;0,998938024;0,677647412;0,890567958;0,881811619;0,868192077;0;0
CA1302;Alameda Campinas, 708 - Jardim Paulista, São Paulo - SP, 01404-200;Jardim Paulista;Oeste;-23,5701325;-46,6573532;0;1;28;1;1;0;0;0;0;1;0;1;0,988075852;0;0;0;0,795280516;0;0,899974406
FL061;R. Cel. Joaquim Ferreira Lôbo, 305 - Vila Nova Conceição, São Paulo - SP, 04544-150;Vila Olímpia;Sul;-23,593657;-46,6846833;1;1;28;1;1;0;1;0;1;1;1;0;0,999195337;0,977930844;0;0,970679879;0,941855907;0,948400497;0
FL112;R. Cel. Joaquim Ferreira Lôbo, 305 - Vila Nova Conceição, São Paulo - SP, 04544-150;Vila Olímpia;Sul;-23,593657;-46,6846833;1;1;28;1;1;0;1;1;1;1;1;0;0,993683875;0,817787707;0,904596686;0,646078348;0,553014398;0,696845055;0
FL113;R. Cel. Joaquim Ferreira Lôbo, 305 - Vila Nova Conceição, São Paulo - SP, 04544-150;Vila Olímpia;Sul;-23,593657;-46,6846833;1;1;28;1;1;0;1;1;1;1;1;0;0,997293174;0,94812125;0,717290699;0,975655973;0,979870439;0,99085778;0
FL115A;R. Cel. Joaquim Ferreira Lôbo, 305 - Vila Nova Conceição, São Paulo - SP, 04544-150;Vila Olímpia;Sul;-23,593657;-46,6846833;1;1;28;1;1;0;1;0;1;1;1;0;0,99441272;0,971897364;0;0,923838317;0,740143657;0,971465945;0
FL115B;R. Cel. Joaquim Ferreira Lôbo, 305 - Vila Nova Conceição, São Paulo - SP, 04544-150;Vila Olímpia;Sul;-23,593657;-46,6846833;1;1;28;1;1;0;1;0;1;1;1;0;0,999545097;0,981190741;0;0,956146657;0,763866782;0,975152373;0
FL116;R. Cel. Joaquim Ferreira Lôbo, 305 - Vila Nova Conceição, São Paulo - SP, 04544-150;Vila Olímpia;Sul;-23,593657;-46,6846833;1;1;28;1;1;0;1;0;1;1;0;0;0,999279082;0,834370136;0;0,819073558;0,857157528;0;0
FL123;R. Cel. Joaquim Ferreira Lôbo, 305 - Vila Nova Conceição, São Paulo - SP, 04544-150;Vila Olímpia;Sul;-23,593657;-46,6846833;1;1;28;1;1;0;0;1;1;1;1;0;0,996474564;0;0,992099226;0,734640956;0,503374159;0,805081129;0
FL135;R. Cel. Joaquim Ferreira Lôbo, 305 - Vila Nova Conceição, São Paulo - SP, 04544-150;Vila Olímpia;Sul;-23,593657;-46,6846833;1;1;28;1;1;0;1;0;1;0;1;1;0,987329304;0,948586404;0;0,928316414;0;0,976889908;0,504330397
FL136;R. Cel. Joaquim Ferreira Lôbo, 305 - Vila Nova Conceição, São Paulo - SP, 04544-150;Vila Olímpia;Sul;-23,593657;-46,6846833;1;1;28;1;1;0;1;0;1;0;1;1;0,995289207;0,979804158;0;0,586178005;0;0,550963938;0,949842989
FL143;R. Cel. Joaquim Ferreira Lôbo, 305 - Vila Nova Conceição, São Paulo - SP, 04544-150;Vila Olímpia;Sul;-23,593657;-46,6846833;1;1;28;1;1;0;0;1;1;1;1;0;0,996474564;0;0,992099226;0,734640956;0,503374159;0,805081129;0
FL144;R. Cel. Joaquim Ferreira Lôbo, 305 - Vila Nova Conceição, São Paulo - SP, 04544-150;Vila Olímpia;Sul;-23,593657;-46,6846833;1;1;28;1;1;0;1;1;1;1;1;0;0,96237725;0,994493961;0,997254431;0,989674509;0,969767392;0,978823185;0
FL145;R. Cel. Joaquim Ferreira Lôbo, 305 - Vila Nova Conceição, São Paulo - SP, 04544-150;Vila Olímpia;Sul;-23,593657;-46,6846833;1;1;28;1;1;0;1;1;1;1;1;0;0,994751871;0,998929679;0,991873085;0,949108124;0,735090971;0,995919287;0
FL152;R. Cel. Joaquim Ferreira Lôbo, 305 - Vila Nova Conceição, São Paulo - SP, 04544-150;Vila Olímpia;Sul;-23,593657;-46,6846833;1;1;28;1;1;0;1;0;1;0;1;1;0,952412605;0,954568684;0;0,68862462;0;0,968178868;0,663455307
FL153;R. Cel. Joaquim Ferreira Lôbo, 305 - Vila Nova Conceição, São Paulo - SP, 04544-150;Vila Olímpia;Sul;-23,593657;-46,6846833;1;1;28;1;1;0;1;1;1;1;1;0;0,997293174;0,997031927;0,717290699;0,900945246;0,979870439;0,99085778;0
FL154;R. Cel. Joaquim Ferreira Lôbo, 305 - Vila Nova Conceição, São Paulo - SP, 04544-150;Vila Olímpia;Sul;-23,593657;-46,6846833;1;1;28;1;1;0;1;1;1;1;1;0;0,998090446;0,991153002;0,94980371;0,914505303;0,982190192;0,986021638;0
FL155;R. Cel. Joaquim Ferreira Lôbo, 305 - Vila Nova Conceição, São Paulo - SP, 04544-150;Vila Olímpia;Sul;-23,593657;-46,6846833;1;1;28;1;1;0;1;1;1;0;1;0;0,998419762;0,992901921;0,974579394;0,853302181;0;0,945276558;0
FL156;R. Cel. Joaquim Ferreira Lôbo, 305 - Vila Nova Conceição, São Paulo - SP, 04544-150;Vila Olímpia;Sul;-23,593657;-46,6846833;1;1;28;1;1;0;1;1;1;1;0;1;0,97351253;0,972849786;0,874438465;0,828142703;0,608041048;0;0,700523913
FL171;R. Cel. Joaquim Ferreira Lôbo, 305 - Vila Nova Conceição, São Paulo - SP, 04544-150;Vila Olímpia;Sul;-23,593657;-46,6846833;1;1;28;1;1;0;1;1;1;1;1;0;0,998669803;0,98313868;0,961468697;0,911699057;0,942271948;0,98973;0
FL173;R. Cel. Joaquim Ferreira Lôbo, 305 - Vila Nova Conceição, São Paulo - SP, 04544-150;Vila Olímpia;Sul;-23,593657;-46,6846833;1;1;28;1;1;0;1;1;1;1;0;0;0,996958971;0,99600774;0,782628655;0,995234013;0,978479743;0;0
FL174;R. Cel. Joaquim Ferreira Lôbo, 305 - Vila Nova Conceição, São Paulo - SP, 04544-150;Vila Olímpia;Sul;-23,593657;-46,6846833;1;1;28;1;1;0;1;0;0;1;0;0;0,991710544;0,971877635;0;0;0,953900754;0;0
FL175;R. Cel. Joaquim Ferreira Lôbo, 305 - Vila Nova Conceição, São Paulo - SP, 04544-150;Vila Olímpia;Sul;-23,593657;-46,6846833;1;1;28;1;1;0;1;0;1;0;1;0;0,968604147;0,992617726;0;0,806383669;0;0,968805671;0
FL54;R. Cel. Joaquim Ferreira Lôbo, 305 - Vila Nova Conceição, São Paulo - SP, 04544-150;Vila Olímpia;Sul;-23,593657;-46,6846833;1;1;28;1;1;0;1;1;1;1;1;0;0,994495749;0,860204816;0,690628946;0,696323633;0,850462079;0,893220484;0
FL65;R. Cel. Joaquim Ferreira Lôbo, 305 - Vila Nova Conceição, São Paulo - SP, 04544-150;Vila Olímpia;Sul;-23,593657;-46,6846833;1;1;28;1;1;0;1;0;1;0;1;0;0,903298378;0,990137696;0;0,884572089;0;0,971839368;0
FL75;R. Cel. Joaquim Ferreira Lôbo, 305 - Vila Nova Conceição, São Paulo - SP, 04544-150;Vila Olímpia;Sul;-23,593657;-46,6846833;1;1;28;1;1;0;1;1;1;0;1;0;0,975414038;0,885844946;0,857275248;0,787863493;0;0,540386081;0
FL8292;R. Cel. Joaquim Ferreira Lôbo, 305 - Vila Nova Conceição, São Paulo - SP, 04544-150;Vila Olímpia;Sul;-23,593657;-46,6846833;1;1;28;1;1;0;1;0;1;0;1;0;0,990987062;0,957195878;0;0,771665573;0;0,988163352;0
FL83;R. Cel. Joaquim Ferreira Lôbo, 305 - Vila Nova Conceição, São Paulo - SP, 04544-150;Vila Olímpia;Sul;-23,593657;-46,6846833;1;1;28;1;1;0;1;0;1;1;1;0;0,995738864;0,520415485;0;0,602297485;0,93638742;0,976035774;0
FL86;R. Cel. Joaquim Ferreira Lôbo, 305 - Vila Nova Conceição, São Paulo - SP, 04544-150;Vila Olímpia;Sul;-23,593657;-46,6846833;1;1;28;1;1;0;1;0;1;1;0;0;0,99652952;0,917853355;0;0,846460402;0,784225285;0;0
FL92;R. Cel. Joaquim Ferreira Lôbo, 305 - Vila Nova Conceição, São Paulo - SP, 04544-150;Vila Olímpia;Sul;-23,593657;-46,6846833;1;1;28;1;1;0;1;0;1;0;1;0;0,998496056;0,884269774;0;0,7438851;0;0,918239892;0
FL94;R. Cel. Joaquim Ferreira Lôbo, 305 - Vila Nova Conceição, São Paulo - SP, 04544-150;Vila Olímpia;Sul;-23,593657;-46,6846833;1;1;28;1;1;0;1;1;1;1;0;0;0,993853807;0,985468686;0,992910802;0,694306731;0,993500769;0;0
FL95;R. Cel. Joaquim Ferreira Lôbo, 305 - Vila Nova Conceição, São Paulo - SP, 04544-150;Vila Olímpia;Sul;-23,593657;-46,6846833;1;1;28;1;1;0;1;0;1;1;1;0;0,914781451;0,952811122;0;0,594426811;0,559870541;0,998657227;0
GC1001;R. Gomes de Carvalho, 1146 - Vila Olímpia, São Paulo - SP, 04547-004;Vila Olímpia;Sul;-23,5973664;-46,6863424;1;1;28;1;1;0;1;1;1;1;1;1;0,992369056;0,991992474;0,630469859;0,99321413;0,74415338;0,93892312;0,860870898
GC1110;R. Gomes de Carvalho, 1146 - Vila Olímpia, São Paulo - SP, 04547-004;Vila Olímpia;Sul;-23,5973664;-46,6863424;1;1;28;1;1;0;1;1;1;1;1;0;0,998694777;0,707109034;0,95193547;0,971117377;0,949648142;0,988316417;0
GC1210;R. Gomes de Carvalho, 1146 - Vila Olímpia, São Paulo - SP, 04547-004;Vila Olímpia;Sul;-23,5973664;-46,6863424;1;1;28;1;1;0;1;1;1;1;1;0;0,97865814;0,982698083;0,645128846;0,51479286;0,901529789;0,996614039;0
GC1308;R. Gomes de Carvalho, 1146 - Vila Olímpia, São Paulo - SP, 04547-004;Vila Olímpia;Sul;-23,5973664;-46,6863424;1;1;28;1;1;0;0;1;1;1;0;0;0,988313735;0;0,752671599;0,922148824;0,894293368;0;0
GC1403;R. Gomes de Carvalho, 1146 - Vila Olímpia, São Paulo - SP, 04547-004;Vila Olímpia;Sul;-23,5973664;-46,6863424;1;1;28;1;1;0;1;0;0;1;1;0;0,993970275;0,950849354;0;;0,9018206;0,970596373;0
GC1405;R. Gomes de Carvalho, 1146 - Vila Olímpia, São Paulo - SP, 04547-004;Vila Olímpia;Sul;-23,5973664;-46,6863424;1;1;28;1;1;0;1;0;1;1;1;0;0,999714315;0,987468719;0;0,959048867;0,933755517;0,99895072;0
GC1406;R. Gomes de Carvalho, 1146 - Vila Olímpia, São Paulo - SP, 04547-004;Vila Olímpia;Sul;-23,5973664;-46,6863424;1;1;28;1;1;0;1;1;1;0;1;1;0,988326311;0,945582628;0,828406215;0,818690121;0;0,992468178;0,772961199
GC1408;R. Gomes de Carvalho, 1146 - Vila Olímpia, São Paulo - SP, 04547-004;Vila Olímpia;Sul;-23,5973664;-46,6863424;1;1;28;1;1;0;1;0;0;1;1;0;0,998044074;0,619000554;0;0;0,500136018;0,99523145;0
GC1409;R. Gomes de Carvalho, 1146 - Vila Olímpia, São Paulo - SP, 04547-004;Vila Olímpia;Sul;-23,5973664;-46,6863424;1;1;28;1;1;0;1;0;1;1;1;0;0,994381785;0,997176051;0;0,76372987;0,90714854;0,997974873;0
GC1411;R. Gomes de Carvalho, 1146 - Vila Olímpia, São Paulo - SP, 04547-004;Vila Olímpia;Sul;-23,5973664;-46,6863424;1;1;28;1;1;0;1;0;1;1;1;0;0,991784215;0,826784134;0;0,902039528;0,85547334;0,943736434;0
GC1508;R. Gomes de Carvalho, 1146 - Vila Olímpia, São Paulo - SP, 04547-004;Vila Olímpia;Sul;-23,5973664;-46,6863424;1;1;28;1;1;0;1;1;1;1;1;0;0,999670565;0,998939455;0,899743378;0,946065605;0,90964812;0,999253511;0
GC1508A;R. Gomes de Carvalho, 1146 - Vila Olímpia, São Paulo - SP, 04547-004;Vila Olímpia;Sul;-23,5973664;-46,6863424;1;1;28;1;1;0;1;1;1;1;1;0;0,999391377;0,996750116;0,9335711;0,956484556;0,984525919;0,99916029;0
GC1509;R. Gomes de Carvalho, 1146 - Vila Olímpia, São Paulo - SP, 04547-004;Vila Olímpia;Sul;-23,5973664;-46,6863424;1;1;28;1;1;0;0;0;1;1;1;0;0,988663197;0;0;0,950621307;0,645188153;0,987696767;0
GC1510;R. Gomes de Carvalho, 1146 - Vila Olímpia, São Paulo - SP, 04547-004;Vila Olímpia;Sul;-23,5973664;-46,6863424;1;1;28;1;1;0;1;1;1;1;1;0;0,995993793;0,862421811;0,635914624;0,862069666;0,913457453;0,997666419;0
GC1512;R. Gomes de Carvalho, 1146 - Vila Olímpia, São Paulo - SP, 04547-004;Vila Olímpia;Sul;-23,5973664;-46,6863424;1;1;28;1;1;0;1;1;1;1;1;0;0,992291927;0,987262905;0,982979536;0,899786711;0,856391311;0,994790733;0
GC1603;R. Gomes de Carvalho, 1146 - Vila Olímpia, São Paulo - SP, 04547-004;Vila Olímpia;Sul;-23,5973664;-46,6863424;1;1;28;1;1;0;0;1;0;1;0;0;0,99867624;0;0,987143517;0;0,87959522;0;0
GC1604;R. Gomes de Carvalho, 1146 - Vila Olímpia, São Paulo - SP, 04547-004;Vila Olímpia;Sul;-23,5973664;-46,6863424;1;1;28;1;1;0;1;1;1;1;1;0;0,99900806;0,571656942;0,758216262;0,904872537;0,969083309;0,995612562;0
GC1604A;R. Gomes de Carvalho, 1146 - Vila Olímpia, São Paulo - SP, 04547-004;Vila Olímpia;Sul;-23,5973664;-46,6863424;1;1;28;1;1;0;0;0;1;1;1;0;0,998967767;0;0;0,774412155;0,979195237;0,977439642;0
GC1612;R. Gomes de Carvalho, 1146 - Vila Olímpia, São Paulo - SP, 04547-004;Vila Olímpia;Sul;-23,5973664;-46,6863424;1;1;28;1;1;0;1;0;1;1;1;0;0,998987317;0,973179877;0;0,834212363;0,903624535;0,981974185;0
GC1703;R. Gomes de Carvalho, 1146 - Vila Olímpia, São Paulo - SP, 04547-004;Vila Olímpia;Sul;-23,5973664;-46,6863424;1;1;28;1;1;0;1;0;0;1;1;0;0,989806414;0,888985038;0;0;0,993485451;0,861763418;0
GC1704;R. Gomes de Carvalho, 1146 - Vila Olímpia, São Paulo - SP, 04547-004;Vila Olímpia;Sul;-23,5973664;-46,6863424;1;1;28;1;1;0;1;1;1;1;1;0;0,999146938;0,699380159;0,895912349;0,881466627;0,926801264;0,942854583;0
GC1708;R. Gomes de Carvalho, 1146 - Vila Olímpia, São Paulo - SP, 04547-004;Vila Olímpia;Sul;-23,5973664;-46,6863424;1;1;28;1;1;0;0;0;0;1;1;0;0,958837092;0;0;0;0,823958755;0,9725824;0
GC1710;R. Gomes de Carvalho, 1146 - Vila Olímpia, São Paulo - SP, 04547-004;Vila Olímpia;Sul;-23,5973664;-46,6863424;1;1;28;1;1;0;1;1;0;1;0;0;0,964178503;0,941783667;0,959639251;0;0,558669567;0;0
GC1710A;R. Gomes de Carvalho, 1146 - Vila Olímpia, São Paulo - SP, 04547-004;Vila Olímpia;Sul;-23,5973664;-46,6863424;1;1;28;1;1;0;1;1;0;1;0;0;0,964178503;0,941783667;0,959639251;0;0,558669567;0;0
GC305;R. Gomes de Carvalho, 1146 - Vila Olímpia, São Paulo - SP, 04547-004;Vila Olímpia;Sul;-23,5973664;-46,6863424;1;1;28;1;1;0;0;0;1;1;0;0;0,999544799;0;0;0,819161057;0,635356367;0;0
GC310;R. Gomes de Carvalho, 1146 - Vila Olímpia, São Paulo - SP, 04547-004;Vila Olímpia;Sul;-23,5973664;-46,6863424;1;1;28;1;1;0;1;0;0;1;0;1;0,985471487;0,968817711;0;0;0,829904437;0;0,633077264
GC401;R. Gomes de Carvalho, 1146 - Vila Olímpia, São Paulo - SP, 04547-004;Vila Olímpia;Sul;-23,5973664;-46,6863424;1;1;28;1;1;0;1;1;1;1;1;0;0,998476803;0,988683224;0,81849283;0,720707893;0,99508661;0,962576032;0
GC403A;R. Gomes de Carvalho, 1146 - Vila Olímpia, São Paulo - SP, 04547-004;Vila Olímpia;Sul;-23,5973664;-46,6863424;1;1;28;1;1;0;1;1;1;1;1;0;0,999743879;0,988683224;0,989959896;0,838458121;0,975273371;0,932546675;0
GC403B;R. Gomes de Carvalho, 1146 - Vila Olímpia, São Paulo - SP, 04547-004;Vila Olímpia;Sul;-23,5973664;-46,6863424;1;1;28;1;1;0;1;1;1;1;1;0;0,9987095;0,974567056;0,996594965;0,875151038;0,946731627;0,998493135;0
GC404;R. Gomes de Carvalho, 1146 - Vila Olímpia, São Paulo - SP, 04547-004;Vila Olímpia;Sul;-23,5973664;-46,6863424;1;1;28;1;1;0;1;1;1;1;1;0;0,999691665;0,987696409;0,927941144;0,950735271;0,988011837;0,998145461;0
GC404A;R. Gomes de Carvalho, 1146 - Vila Olímpia, São Paulo - SP, 04547-004;Vila Olímpia;Sul;-23,5973664;-46,6863424;1;1;28;1;1;0;0;0;1;0;1;0;0,964586377;0;0;0,855811954;0;0,782707453;0
GC405;R. Gomes de Carvalho, 1146 - Vila Olímpia, São Paulo - SP, 04547-004;Vila Olímpia;Sul;-23,5973664;-46,6863424;1;1;28;1;1;0;1;1;1;1;1;0;0,999505103;0,990947604;0,953199565;0,930608988;0,954021811;0,989978731;0
GC408;R. Gomes de Carvalho, 1146 - Vila Olímpia, São Paulo - SP, 04547-004;Vila Olímpia;Sul;-23,5973664;-46,6863424;1;1;28;1;1;0;1;1;0;0;1;0;0,998244047;0,977287769;0,990357339;0;0;0,915225148;0
GC408A;R. Gomes de Carvalho, 1146 - Vila Olímpia, São Paulo - SP, 04547-004;Vila Olímpia;Sul;-23,5973664;-46,6863424;1;1;28;1;1;0;0;1;1;1;0;1;0,999041319;0;0,971094668;0,539022505;0,9903301;0;0,890635073
GC409;R. Gomes de Carvalho, 1146 - Vila Olímpia, São Paulo - SP, 04547-004;Vila Olímpia;Sul;-23,5973664;-46,6863424;1;1;28;1;1;0;0;1;1;0;0;0;0,995660067;0;0,92687887;0,984948933;0;0;0
GC410;R. Gomes de Carvalho, 1146 - Vila Olímpia, São Paulo - SP, 04547-004;Vila Olímpia;Sul;-23,5973664;-46,6863424;1;1;28;1;1;0;0;1;1;1;0;0;0,996764123;0;0,872442424;0,993800282;0,508968651;0;0
GC410A;R. Gomes de Carvalho, 1146 - Vila Olímpia, São Paulo - SP, 04547-004;Vila Olímpia;Sul;-23,5973664;-46,6863424;1;1;28;1;1;0;1;1;1;1;1;0;0,997665286;0,977871895;0,931423724;0,993196726;0,54976511;0,996490359;0
GC412A;R. Gomes de Carvalho, 1146 - Vila Olímpia, São Paulo - SP, 04547-004;Vila Olímpia;Sul;-23,5973664;-46,6863424;1;1;28;1;1;0;0;0;0;0;1;0;0,999227524;0;0;0;0;0,998280823;0
GC412B;R. Gomes de Carvalho, 1146 - Vila Olímpia, São Paulo - SP, 04547-004;Vila Olímpia;Sul;-23,5973664;-46,6863424;1;1;28;1;1;0;1;0;1;1;1;0;0,998791814;0,631043911;0;0,864530563;0,891616523;0,997100353;0
GC505;R. Gomes de Carvalho, 1146 - Vila Olímpia, São Paulo - SP, 04547-004;Vila Olímpia;Sul;-23,5973664;-46,6863424;1;1;28;1;1;0;1;1;1;1;0;0;0,999419808;0,988683224;0,929813027;0,833372712;0,920591116;0;0
GC602;R. Gomes de Carvalho, 1146 - Vila Olímpia, São Paulo - SP, 04547-004;Vila Olímpia;Sul;-23,5973664;-46,6863424;1;1;28;1;1;0;1;1;1;1;1;1;0,997189581;0,998049319;0,985271037;0,814384103;0,52612108;0,83634311;0,804224849
GC607A;R. Gomes de Carvalho, 1146 - Vila Olímpia, São Paulo - SP, 04547-004;Vila Olímpia;Sul;-23,5973664;-46,6863424;1;1;28;1;1;0;0;0;1;1;0;0;0,999481082;0;0;0,99773407;0,935491323;0;0
GC607B;R. Gomes de Carvalho, 1146 - Vila Olímpia, São Paulo - SP, 04547-004;Vila Olímpia;Sul;-23,5973664;-46,6863424;1;1;28;1;1;0;0;1;1;1;0;0;0,993398964;0;0,710749447;0,864773154;0,986070633;0;0
GC608A;R. Gomes de Carvalho, 1146 - Vila Olímpia, São Paulo - SP, 04547-004;Vila Olímpia;Sul;-23,5973664;-46,6863424;1;1;28;1;1;0;0;1;1;1;1;0;0,999663889;0;0,745060921;0,558961153;0,936253428;0,978929102;0
GC608B;R. Gomes de Carvalho, 1146 - Vila Olímpia, São Paulo - SP, 04547-004;Vila Olímpia;Sul;-23,5973664;-46,6863424;1;1;28;1;1;0;0;1;1;1;1;0;0,999367774;0;0,970184565;0,987339079;0,844885886;0,963545501;0
GC609A;R. Gomes de Carvalho, 1146 - Vila Olímpia, São Paulo - SP, 04547-004;Vila Olímpia;Sul;-23,5973664;-46,6863424;1;1;28;1;1;0;0;1;1;0;1;0;0,998221874;0;0,953353822;0,9858796;0;0,948248386;0
GC609B;R. Gomes de Carvalho, 1146 - Vila Olímpia, São Paulo - SP, 04547-004;Vila Olímpia;Sul;-23,5973664;-46,6863424;1;1;28;1;1;0;1;0;1;1;0;0;0,998264313;0,508822858;0;0,964903235;0,940074861;0;0
GC610A;R. Gomes de Carvalho, 1146 - Vila Olímpia, São Paulo - SP, 04547-004;Vila Olímpia;Sul;-23,5973664;-46,6863424;1;1;28;1;1;0;1;1;1;1;1;0;0,996243358;0,948416471;0,916893959;0,588805199;0,827782333;0,981339216;0
GC610B;R. Gomes de Carvalho, 1146 - Vila Olímpia, São Paulo - SP, 04547-004;Vila Olímpia;Sul;-23,5973664;-46,6863424;1;1;28;1;1;0;1;1;1;1;1;0;0,997117758;0,837677181;0,837376654;0,886486709;0,941631973;0,993125319;0
GC708;R. Gomes de Carvalho, 1146 - Vila Olímpia, São Paulo - SP, 04547-004;Vila Olímpia;Sul;-23,5973664;-46,6863424;1;1;28;1;1;0;0;1;1;1;1;1;0,999393642;0;0,95278728;0,662987053;0,971388996;0,825089335;0,643525958
GC709;R. Gomes de Carvalho, 1146 - Vila Olímpia, São Paulo - SP, 04547-004;Vila Olímpia;Sul;-23,5973664;-46,6863424;1;1;28;1;1;0;0;1;1;1;1;1;0,997439384;0;0,977618992;0,876809716;0,970470786;0,983663082;0,777061224
GC802;R. Gomes de Carvalho, 1146 - Vila Olímpia, São Paulo - SP, 04547-004;Vila Olímpia;Sul;-23,5973664;-46,6863424;1;1;28;1;1;0;0;0;1;1;1;1;0,993089139;0;0;0,751353443;0,953767776;0,955114782;0,627753675
GC803;R. Gomes de Carvalho, 1146 - Vila Olímpia, São Paulo - SP, 04547-004;Vila Olímpia;Sul;-23,5973664;-46,6863424;1;1;28;1;1;0;1;0;1;1;1;0;0,993066072;0,981889188;0;0,875427902;0,970661283;0,97494936;0
GC805;R. Gomes de Carvalho, 1146 - Vila Olímpia, São Paulo - SP, 04547-004;Vila Olímpia;Sul;-23,5973664;-46,6863424;1;1;28;1;1;0;1;0;0;0;1;0;0,967438877;0,533956707;0;0;0;0,790231228;0
GC808;R. Gomes de Carvalho, 1146 - Vila Olímpia, São Paulo - SP, 04547-004;Vila Olímpia;Sul;-23,5973664;-46,6863424;1;1;28;1;1;0;1;1;1;1;1;0;0,998602331;0,877238452;0,903271437;0,866218388;0,922583163;0,996137083;0
GC812;R. Gomes de Carvalho, 1146 - Vila Olímpia, São Paulo - SP, 04547-004;Vila Olímpia;Sul;-23,5973664;-46,6863424;1;1;28;1;1;0;0;1;1;0;0;0;0,995045841;0;0,869472504;0,991620541;0;0;0
GC902;R. Gomes de Carvalho, 1146 - Vila Olímpia, São Paulo - SP, 04547-004;Vila Olímpia;Sul;-23,5973664;-46,6863424;1;1;28;1;1;0;1;1;1;1;1;1;0,997189581;0,998049319;0,985271037;0,814384103;0,52612108;0,83634311;0,804224849
GC903;R. Gomes de Carvalho, 1146 - Vila Olímpia, São Paulo - SP, 04547-004;Vila Olímpia;Sul;-23,5973664;-46,6863424;1;1;28;1;1;0;1;0;1;1;1;0;0,999022245;0,865054846;0;0,872059286;0,930017233;0,979210496;0
GC904;R. Gomes de Carvalho, 1146 - Vila Olímpia, São Paulo - SP, 04547-004;Vila Olímpia;Sul;-23,5973664;-46,6863424;1;1;28;1;1;0;1;0;1;1;1;0;0,997861087;0,906581402;0;0,704005122;0,849903107;0,992307425;0
GC906;R. Gomes de Carvalho, 1146 - Vila Olímpia, São Paulo - SP, 04547-004;Vila Olímpia;Sul;-23,5973664;-46,6863424;1;1;28;1;1;0;1;0;1;1;1;0;0,992153883;0,986080825;0;0,748708069;0,957618713;0,998355985;0
QU1003;R. Quatá, 76 - Vila Olímpia, São Paulo - SP, 04546-040;Vila Olímpia;Sul;-23,5995101;-46,6766726;1;1;28;1;1;0;0;0;1;1;1;0;0,998482168;0;0;0,530547202;0,861993492;0,950297415;0
QU1006;R. Quatá, 76 - Vila Olímpia, São Paulo - SP, 04546-040;Vila Olímpia;Sul;-23,5995101;-46,6766726;1;1;28;1;1;0;0;1;1;1;1;0;0,99944818;0;0,966018498;0,923717558;0,737826467;0,943907142;0
QU1203;R. Quatá, 76 - Vila Olímpia, São Paulo - SP, 04546-040;Vila Olímpia;Sul;-23,5995101;-46,6766726;1;1;28;1;1;0;0;1;1;1;1;0;0,998571157;0;0,952061296;0,6970855;0,986265361;0,993593991;0
QU1204;R. Quatá, 76 - Vila Olímpia, São Paulo - SP, 04546-040;Vila Olímpia;Sul;-23,5995101;-46,6766726;1;1;28;1;1;0;1;0;1;1;1;0;0,998880863;0,935524523;0;0,913976908;0,769289792;0,778314531;0
QU1207;R. Quatá, 76 - Vila Olímpia, São Paulo - SP, 04546-040;Vila Olímpia;Sul;-23,5995101;-46,6766726;1;1;28;1;1;0;1;0;1;1;1;0;0,987615645;0,935524523;0;0,873528898;0,863487959;0,963959575;0
QU1301;R. Quatá, 76 - Vila Olímpia, São Paulo - SP, 04546-040;Vila Olímpia;Sul;-23,5995101;-46,6766726;1;1;28;1;1;0;1;0;1;1;1;0;0,990335464;0,995939612;0;0,992802143;0,970952809;0,986834228;0
QU1304;R. Quatá, 76 - Vila Olímpia, São Paulo - SP, 04546-040;Vila Olímpia;Sul;-23,5995101;-46,6766726;1;1;28;1;1;0;1;0;1;1;1;0;0,985060275;0,992990792;0;0,835069239;0,958045006;0,934499919;0
QU1403;R. Quatá, 76 - Vila Olímpia, São Paulo - SP, 04546-040;Vila Olímpia;Sul;-23,5995101;-46,6766726;1;1;28;1;1;0;1;1;1;1;0;0;0,990818679;0,989315629;0,967190266;0,986745179;0,98281759;0;0
QU1405;R. Quatá, 76 - Vila Olímpia, São Paulo - SP, 04546-040;Vila Olímpia;Sul;-23,5995101;-46,6766726;1;1;28;1;1;0;1;0;1;1;1;1;0,997861922;0,883057594;0;0,93088901;0,792731643;0,967992723;0,77698648
QU1406;R. Quatá, 76 - Vila Olímpia, São Paulo - SP, 04546-040;Vila Olímpia;Sul;-23,5995101;-46,6766726;1;1;28;1;1;0;1;0;1;1;1;0;0,996840417;0,995994747;0;0,992948353;0,928856015;0,979586422;0
QU1408;R. Quatá, 76 - Vila Olímpia, São Paulo - SP, 04546-040;Vila Olímpia;Sul;-23,5995101;-46,6766726;1;1;28;1;1;0;1;0;1;1;1;0;0,997534037;0,992122769;0;0,955444694;0,813978314;0,87174207;0
QU1505;R. Quatá, 76 - Vila Olímpia, São Paulo - SP, 04546-040;Vila Olímpia;Sul;-23,5995101;-46,6766726;1;1;28;1;1;0;1;1;1;1;0;0;0,997585297;0,981119156;0,865914166;0,979717255;0,96400249;0;0
QU207;R. Quatá, 76 - Vila Olímpia, São Paulo - SP, 04546-040;Vila Olímpia;Sul;-23,5995101;-46,6766726;1;1;28;1;1;0;1;1;1;1;1;0;0,990524828;0,984805882;0,918550193;0,776689529;0,93277204;0,99052;0
QU208;R. Quatá, 76 - Vila Olímpia, São Paulo - SP, 04546-040;Vila Olímpia;Sul;-23,5995101;-46,6766726;1;1;28;1;1;0;1;1;1;1;1;1;0,995836258;0,986384571;0,966462612;0,986224651;0,981071651;0,99465704;0,937478662
QU303;R. Quatá, 76 - Vila Olímpia, São Paulo - SP, 04546-040;Vila Olímpia;Sul;-23,5995101;-46,6766726;1;1;28;1;1;0;0;0;1;1;1;0;0,999211252;0;0;0,964424312;0,896395922;0,98969686;0
QU304;R. Quatá, 76 - Vila Olímpia, São Paulo - SP, 04546-040;Vila Olímpia;Sul;-23,5995101;-46,6766726;1;1;28;1;1;0;1;1;1;1;0;0;0,998978794;0,997760177;0,993616641;0,948692143;0,984948277;0;0
QU306;R. Quatá, 76 - Vila Olímpia, São Paulo - SP, 04546-040;Vila Olímpia;Sul;-23,5995101;-46,6766726;1;1;28;1;1;0;1;0;0;0;1;0;0,966591299;0,963319719;0;0;0;0,978545129;0
QU404;R. Quatá, 76 - Vila Olímpia, São Paulo - SP, 04546-040;Vila Olímpia;Sul;-23,5995101;-46,6766726;1;1;28;1;1;0;1;1;1;0;0;0;0,86066401;0,935524523;0,747438252;0,719436347;0;0;0
QU405;R. Quatá, 76 - Vila Olímpia, São Paulo - SP, 04546-040;Vila Olímpia;Sul;-23,5995101;-46,6766726;1;1;28;1;1;0;1;1;1;1;1;1;0,996997058;0,964807868;0,967493773;0,939190924;0,652441323;0,903691232;0,77698648
QU501;R. Quatá, 76 - Vila Olímpia, São Paulo - SP, 04546-040;Vila Olímpia;Sul;-23,5995101;-46,6766726;1;1;28;1;1;0;1;1;1;0;1;0;0,986082435;0,896278799;0,640380681;0,855292439;0;0,998782694;0
QU501B;R. Quatá, 76 - Vila Olímpia, São Paulo - SP, 04546-040;Vila Olímpia;Sul;-23,5995101;-46,6766726;1;1;28;1;1;0;1;0;1;1;1;0;0,978133798;0,955442309;0;0,993767917;0,648781538;0,99626565;0
QU505;R. Quatá, 76 - Vila Olímpia, São Paulo - SP, 04546-040;Vila Olímpia;Sul;-23,5995101;-46,6766726;1;1;28;1;1;0;0;1;1;1;1;0;0,993347287;0;0,983272552;0,769964993;0,751192391;0,647624314;0
QU704;R. Quatá, 76 - Vila Olímpia, São Paulo - SP, 04546-040;Vila Olímpia;Sul;-23,5995101;-46,6766726;1;1;28;1;1;0;1;1;1;1;1;1;0,790477514;0,883057594;0,940737784;0,868986726;0,892476857;0,7057634;0,77698648
QU706;R. Quatá, 76 - Vila Olímpia, São Paulo - SP, 04546-040;Vila Olímpia;Sul;-23,5995101;-46,6766726;1;1;28;1;1;0;1;1;1;1;0;0;0,996008277;0,64182508;0,972714961;0,64059329;0,961943865;0;0
QU803;R. Quatá, 76 - Vila Olímpia, São Paulo - SP, 04546-040;Vila Olímpia;Sul;-23,5995101;-46,6766726;1;1;28;1;1;0;0;1;1;1;1;1;0,999090254;0;0,988731623;0,915330589;0,990728259;0,681409001;0,596157551
QU806;R. Quatá, 76 - Vila Olímpia, São Paulo - SP, 04546-040;Vila Olímpia;Sul;-23,5995101;-46,6766726;1;1;28;1;1;0;0;1;1;1;1;1;0,997448564;0;0,988780916;0,846870184;0,956676662;0,815698922;0,798783898
QU905;R. Quatá, 76 - Vila Olímpia, São Paulo - SP, 04546-040;Vila Olímpia;Sul;-23,5995101;-46,6766726;1;1;28;1;1;0;1;1;0;0;1;0;0,992830753;0,673823178;0,865148187;0;0;0,522560418;0
VTS029;Rua Turiassú, 1473 - Perdizes, São Paulo - SP, 05005-001;Perdizes;Oeste;-23,5302546;-46,6789501;1;1;28;1;1;0;1;1;1;1;1;0;0,991213024;0,623181522;0,592513561;0,985754728;0,967283547;0,661871254;0
